"id","text","text_preprocessed","intent","source_category","faq_id"
"utt-1","Apa akreditasi Universitas Mercu Buana saat ini?","akreditasi universitas mercu buana saat","akreditasi","Akreditasi","1"
"utt-2","Sampai kapan akreditasi Universitas Mercu Buana berlaku?","sampai akreditasi universitas mercu buana laku","akreditasi","Akreditasi","2"
"utt-3","Apa perbedaan akreditasi institusi dan akreditasi program studi?","beda akreditasi institusi akreditasi program studi","akreditasi","Akreditasi","3"
"utt-4","Apa akreditasi Program Studi Sistem Informasi Universitas Mercu Buana?","akreditasi program studi sistem informasi universitas mercu buana","akreditasi","Akreditasi","4"
"utt-5","Apa nomor SK akreditasi Sistem Informasi UMB?","nomor akreditasi sistem informasi umb","akreditasi","Akreditasi","5"
"utt-6","Apa akreditasi Program Studi Teknik Informatika Universitas Mercu Buana?","akreditasi program studi teknik informatika universitas mercu buana","akreditasi","Akreditasi","6"
"utt-7","Sampai kapan akreditasi Teknik Informatika UMB berlaku?","sampai akreditasi teknik informatika umb laku","akreditasi","Akreditasi","7"
"utt-8","Apa akreditasi Program Studi Magister Sains Data UMB?","akreditasi program studi magister sains data umb","akreditasi","Akreditasi","8"
"utt-9","Sampai kapan akreditasi Magister Sains Data UMB berlaku?","sampai akreditasi magister sains data umb laku","akreditasi","Akreditasi","9"
"utt-10","Apa saja program studi yang memiliki data akreditasi pada dokumen ini?","saja program studi milik data akreditasi dokumen","akreditasi","Akreditasi","10"
"utt-11","Dokumen apa yang digunakan untuk membuktikan akreditasi kampus?","dokumen guna bukti akreditasi kampus","akreditasi","Akreditasi","11"
"utt-12","Dokumen apa yang digunakan untuk membuktikan akreditasi program studi?","dokumen guna bukti akreditasi program studi","akreditasi","Akreditasi","12"
"utt-13","Bagaimana cara menentukan dokumen akreditasi yang tepat untuk administrasi?","tentu dokumen akreditasi tepat administrasi","akreditasi","Akreditasi","13"
"utt-14","Apakah akreditasi pada tahun kelulusan harus sama dengan akreditasi terbaru?","apakah akreditasi tahun kelulus harus sama akreditasi baru","akreditasi","Akreditasi","14"
"utt-15","Apakah akreditasi program studi bisa berbeda dengan akreditasi universitas?","apakah akreditasi program studi bisa beda akreditasi universitas","akreditasi","Akreditasi","15"
"utt-16","Apakah Sistem Informasi dan Teknik Informatika memiliki akreditasi internasional?","apakah sistem informasi teknik informatika milik akreditasi internasional","akreditasi","Akreditasi","16"
"utt-17","Apa perbedaan akreditasi BAN-PT, LAM INFOKOM, dan ASIC?","beda akreditasi ban lam infokom asic","akreditasi","Akreditasi","17"
"utt-18","Apa yang harus dilakukan jika membutuhkan legalisir dokumen akreditasi?","harus laku jika butuh legalisir dokumen akreditasi","akreditasi","Akreditasi","18"
"utt-19","Apakah akreditasi bisa dicabut sebelum masa berlakunya habis?","apakah akreditasi bisa cabut belum masa laku habis","akreditasi","Akreditasi","19"
"utt-20","Bagaimana cara mengecek akreditasi yang benar sebelum digunakan?","cek akreditasi benar belum guna","akreditasi","Akreditasi","20"
"utt-21","Apa itu Kerja Praktek atau KP?","kerja praktek","kerja_praktek_dan_magang","Kerja Praktek","21"
"utt-22","Apa tujuan Kerja Praktek bagi mahasiswa?","tuju kerja praktek bagi mahasiswa","kerja_praktek_dan_magang","Kerja Praktek","22"
"utt-23","Apa saja skema Kerja Praktek yang tersedia?","saja skema kerja praktek tersedia","kerja_praktek_dan_magang","Kerja Praktek","23"
"utt-24","Apa syarat mengambil mata kuliah Kerja Praktek?","syarat ambil mata kuliah kerja praktek","kerja_praktek_dan_magang","Kerja Praktek","24"
"utt-25","Berapa minimal SKS dan IPK untuk mengambil Kerja Praktek?","berapa minimal sks ipk ambil kerja praktek","kerja_praktek_dan_magang","Kerja Praktek","25"
"utt-26","Bagaimana jika mahasiswa sudah mengambil KP tetapi belum mendapat tempat magang?","jika mahasiswa sudah ambil tetapi belum dapat tempat magang","kerja_praktek_dan_magang","Kerja Praktek","26"
"utt-27","Apakah tempat Kerja Praktek harus sesuai bidang Teknik Informatika?","apakah tempat kerja praktek harus sesuai bidang teknik informatika","kerja_praktek_dan_magang","Kerja Praktek","27"
"utt-28","Berapa kali minimal bimbingan Kerja Praktek?","berapa kali minimal bimbing kerja praktek","kerja_praktek_dan_magang","Kerja Praktek","28"
"utt-29","Apa itu kartu asistensi atau kartu bimbingan KP?","kartu asistensi kartu bimbing","kerja_praktek_dan_magang","Kerja Praktek","29"
"utt-30","Apa saja kegiatan dalam kelas Kerja Praktek?","saja giat dalam kelas kerja praktek","kerja_praktek_dan_magang","Kerja Praktek","30"
"utt-31","Apakah mahasiswa KP wajib mengikuti seminar?","apakah mahasiswa wajib ikut seminar","kerja_praktek_dan_magang","Kerja Praktek","31"
"utt-32","Apa yang dilakukan dalam kunjungan industri Kerja Praktek?","laku dalam kunjung industri kerja praktek","kerja_praktek_dan_magang","Kerja Praktek","32"
"utt-33","Bagaimana sistematika laporan Kerja Praktek?","sistematika lapor kerja praktek","kerja_praktek_dan_magang","Kerja Praktek","33"
"utt-34","Apa saja aturan umum penulisan laporan KP?","saja atur umum tulis lapor","kerja_praktek_dan_magang","Kerja Praktek","34"
"utt-35","Apa saja lampiran yang perlu disiapkan dalam laporan KP?","saja lampir perlu siap dalam lapor","kerja_praktek_dan_magang","Kerja Praktek","35"
"utt-36","Apa isi form nilai industri Kerja Praktek?","isi form nilai industri kerja praktek","kerja_praktek_dan_magang","Kerja Praktek","36"
"utt-37","Apa fungsi form absensi dan aktivitas Kerja Praktek?","fungsi form absensi aktivitas kerja praktek","kerja_praktek_dan_magang","Kerja Praktek","37"
"utt-38","Bagaimana mekanisme sidang Kerja Praktek?","mekanisme sidang kerja praktek","kerja_praktek_dan_magang","Kerja Praktek","38"
"utt-39","Apa itu Magang Mandiri?","magang mandiri","kerja_praktek_dan_magang","Magang Mandiri","39"
"utt-40","Apa tujuan Magang Mandiri?","tuju magang mandiri","kerja_praktek_dan_magang","Magang Mandiri","40"
"utt-41","Apa saja syarat mengikuti Magang Mandiri?","saja syarat ikut magang mandiri","kerja_praktek_dan_magang","Magang Mandiri","41"
"utt-42","Mahasiswa semester berapa yang bisa mengikuti Magang Mandiri?","mahasiswa semester berapa bisa ikut magang mandiri","kerja_praktek_dan_magang","Magang Mandiri","42"
"utt-43","Berapa kali mahasiswa boleh mengikuti kegiatan PDPS seperti Magang Mandiri?","berapa kali mahasiswa boleh ikut giat pdps seperti magang mandiri","kerja_praktek_dan_magang","Magang Mandiri","43"
"utt-44","Apakah mahasiswa yang sedang cuti boleh mengikuti Magang Mandiri?","apakah mahasiswa sedang cuti boleh ikut magang mandiri","kerja_praktek_dan_magang","Magang Mandiri","44"
"utt-45","Apa itu Pakta Integritas Magang Mandiri?","pakta integritas magang mandiri","kerja_praktek_dan_magang","Magang Mandiri","45"
"utt-46","Apa itu Implementation Arrangement atau IA dalam Magang Mandiri?","implementation arrangement dalam magang mandiri","kerja_praktek_dan_magang","Magang Mandiri","46"
"utt-47","Apa saja isi dokumen IA Magang Mandiri?","saja isi dokumen magang mandiri","kerja_praktek_dan_magang","Magang Mandiri","47"
"utt-48","Apa itu Form Kesepakatan Rekognisi Magang Mandiri?","form sepakat rekognisi magang mandiri","kerja_praktek_dan_magang","Magang Mandiri","48"
"utt-49","Apakah Magang Mandiri bisa dikonversi menjadi SKS?","apakah magang mandiri bisa konversi jadi sks","kerja_praktek_dan_magang","Magang Mandiri","49"
"utt-50","Apa fungsi logbook kegiatan Magang Mandiri?","fungsi logbook giat magang mandiri","kerja_praktek_dan_magang","Magang Mandiri","50"
"utt-51","Berapa minimal total jam kegiatan pada logbook Magang Mandiri?","berapa minimal total jam giat logbook magang mandiri","kerja_praktek_dan_magang","Magang Mandiri","51"
"utt-52","Bagaimana penilaian Magang Mandiri dari pihak mitra?","ilai magang mandiri pihak mitra","kerja_praktek_dan_magang","Magang Mandiri","52"
"utt-53","Bagaimana penilaian Magang Mandiri dari dosen pembimbing?","ilai magang mandiri dosen bimbing","kerja_praktek_dan_magang","Magang Mandiri","53"
"utt-54","Apa saja isi laporan akhir Magang Mandiri?","saja isi lapor akhir magang mandiri","kerja_praktek_dan_magang","Magang Mandiri","54"
"utt-55","Apa itu Seminar Proposal?","seminar proposal","seminar_proposal","Seminar Proposal","55"
"utt-56","Apa syarat mengambil mata kuliah MPTI atau Seminar Proposal?","syarat ambil mata kuliah mpti seminar proposal","seminar_proposal","Seminar Proposal","56"
"utt-57","Berapa minimal SKS dan IPK untuk mengambil Sempro?","berapa minimal sks ipk ambil sempro","seminar_proposal","Seminar Proposal","57"
"utt-58","Bagaimana mekanisme sidang Seminar Proposal?","mekanisme sidang seminar proposal","seminar_proposal","Seminar Proposal","58"
"utt-59","Apa saja materi yang harus disiapkan untuk presentasi Sempro?","saja materi harus siap presentasi sempro","seminar_proposal","Seminar Proposal","59"
"utt-60","Berapa lama waktu presentasi Seminar Proposal?","berapa lama waktu presentasi seminar proposal","seminar_proposal","Seminar Proposal","60"
"utt-61","Apa saja hasil keputusan sidang Sempro?","saja hasil putus sidang sempro","seminar_proposal","Seminar Proposal","61"
"utt-62","Berapa lama batas waktu revisi setelah Sempro?","berapa lama batas waktu revisi telah sempro","seminar_proposal","Seminar Proposal","62"
"utt-63","Apa itu Formulir Revisi Seminar Proposal?","formulir revisi seminar proposal","seminar_proposal","Seminar Proposal","63"
"utt-64","Apakah lembar revisi Sempro penting untuk mengambil Tugas Akhir?","apakah lembar revisi sempro penting ambil tugas akhir","seminar_proposal","Seminar Proposal","64"
"utt-65","Apa itu Kartu Asistensi Seminar Proposal?","kartu asistensi seminar proposal","seminar_proposal","Seminar Proposal","65"
"utt-66","Berapa minimal bimbingan sebelum Seminar Proposal?","berapa minimal bimbing belum seminar proposal","seminar_proposal","Seminar Proposal","66"
"utt-67","Bagaimana agar nilai Sempro bisa optimal?","agar nilai sempro bisa optimal","seminar_proposal","Seminar Proposal","67"
"utt-68","Apa itu Tugas Akhir?","tugas akhir","tugas_akhir","Tugas Akhir","68"
"utt-69","Apa tujuan penyusunan Tugas Akhir?","tuju susun tugas akhir","tugas_akhir","Tugas Akhir","69"
"utt-70","Apa saja syarat klik atau mengambil Tugas Akhir?","saja syarat klik ambil tugas akhir","tugas_akhir","Tugas Akhir","70"
"utt-71","Berapa minimal SKS untuk mengambil Tugas Akhir?","berapa minimal sks ambil tugas akhir","tugas_akhir","Tugas Akhir","71"
"utt-72","Apa saja mata kuliah wajib yang harus diperhatikan sebelum sidang Tugas Akhir?","saja mata kuliah wajib harus perhati belum sidang tugas akhir","tugas_akhir","Tugas Akhir","72"
"utt-73","Apa saja skema Tugas Akhir yang tersedia?","saja skema tugas akhir tersedia","tugas_akhir","Tugas Akhir","73"
"utt-74","Apa itu Tugas Akhir Aplikatif?","tugas akhir aplikatif","tugas_akhir","Tugas Akhir","74"
"utt-75","Apa itu Tugas Akhir Riset?","tugas akhir riset","tugas_akhir","Tugas Akhir","75"
"utt-76","Apa itu Tugas Akhir Publikasi Ilmiah?","tugas akhir publikasi ilmiah","tugas_akhir","Tugas Akhir","76"
"utt-77","Apa itu Tugas Akhir Media Ilmiah?","tugas akhir media ilmiah","tugas_akhir","Tugas Akhir","77"
"utt-78","Apakah Tugas Akhir boleh dikerjakan berkelompok?","apakah tugas akhir boleh kerja kelompok","tugas_akhir","Tugas Akhir","78"
"utt-79","Berapa maksimal jumlah kata untuk judul Tugas Akhir?","berapa maksimal jumlah kata judul tugas akhir","tugas_akhir","Tugas Akhir","79"
"utt-80","Berapa minimal bimbingan Tugas Akhir?","berapa minimal bimbing tugas akhir","tugas_akhir","Tugas Akhir","80"
"utt-81","Apa itu Kartu Asistensi Tugas Akhir?","kartu asistensi tugas akhir","tugas_akhir","Tugas Akhir","81"
"utt-82","Bagaimana format umum laporan Tugas Akhir?","format umum lapor tugas akhir","tugas_akhir","Tugas Akhir","82"
"utt-83","Apa saja bagian awal laporan Tugas Akhir?","saja bagi awal lapor tugas akhir","tugas_akhir","Tugas Akhir","83"
"utt-84","Apa saja isi BAB I Tugas Akhir?","saja isi bab tugas akhir","tugas_akhir","Tugas Akhir","84"
"utt-85","Apa saja isi BAB II Tugas Akhir?","saja isi bab tugas akhir","tugas_akhir","Tugas Akhir","85"
"utt-86","Apa saja isi BAB III Tugas Akhir?","saja isi bab iii tugas akhir","tugas_akhir","Tugas Akhir","86"
"utt-87","Apa saja isi BAB IV Tugas Akhir?","saja isi bab tugas akhir","tugas_akhir","Tugas Akhir","87"
"utt-88","Apa saja isi BAB V Tugas Akhir?","saja isi bab tugas akhir","tugas_akhir","Tugas Akhir","88"
"utt-89","Apa ketentuan kertas dan pengetikan laporan Tugas Akhir?","tentu kertas tik lapor tugas akhir","tugas_akhir","Tugas Akhir","89"
"utt-90","Berapa maksimal halaman laporan Tugas Akhir?","berapa maksimal halaman lapor tugas akhir","tugas_akhir","Tugas Akhir","90"
"utt-91","Apa ketentuan daftar pustaka pada Tugas Akhir?","tentu daftar pustaka tugas akhir","tugas_akhir","Tugas Akhir","91"
"utt-92","Apa saja syarat pendaftaran sidang Tugas Akhir?","saja syarat daftar sidang tugas akhir","tugas_akhir","Tugas Akhir","92"
"utt-93","Apa isi Form Pengajuan Sidang Tugas Akhir?","isi form aju sidang tugas akhir","tugas_akhir","Tugas Akhir","93"
"utt-94","Apakah mahasiswa harus melunasi biaya sebelum sidang Tugas Akhir?","apakah mahasiswa harus lunas biaya belum sidang tugas akhir","tugas_akhir","Tugas Akhir","94"
"utt-95","Apa itu Formulir Perjanjian Pra Sidang Tugas Akhir?","formulir janji pra sidang tugas akhir","tugas_akhir","Tugas Akhir","95"
"utt-96","Apa pakaian yang digunakan saat sidang Tugas Akhir?","pakai guna saat sidang tugas akhir","tugas_akhir","Tugas Akhir","96"
"utt-97","Berapa lama presentasi sidang Tugas Akhir?","berapa lama presentasi sidang tugas akhir","tugas_akhir","Tugas Akhir","97"
"utt-98","Siapa saja yang hadir saat sidang Tugas Akhir?","siapa saja hadir saat sidang tugas akhir","tugas_akhir","Tugas Akhir","98"
"utt-99","Apa yang harus dilakukan setelah sidang Tugas Akhir?","harus laku telah sidang tugas akhir","tugas_akhir","Tugas Akhir","99"
"utt-100","Berapa lama batas revisi setelah sidang Tugas Akhir?","berapa lama batas revisi telah sidang tugas akhir","tugas_akhir","Tugas Akhir","100"
"utt-101","Apa saja berkas yang harus disiapkan setelah sidang Tugas Akhir?","saja berkas harus siap telah sidang tugas akhir","tugas_akhir","Tugas Akhir","101"
"utt-102","Apa format penamaan file setelah sidang Tugas Akhir?","format ama file telah sidang tugas akhir","tugas_akhir","Tugas Akhir","102"
"utt-103","Apa itu kurikulum 2025?","kurikulum 2025","kurikulum_dan_mata_kuliah","Kurikulum","103"
"utt-104","Kapan kurikulum 2025 mulai berlaku?","kurikulum 2025 mulai laku","kurikulum_dan_mata_kuliah","Kurikulum","104"
"utt-105","Berapa total SKS pada kurikulum 2025 Informatika S1?","berapa total sks kurikulum 2025 informatika","kurikulum_dan_mata_kuliah","Kurikulum","105"
"utt-106","Apa perbedaan kurikulum 2021 dan kurikulum 2025?","beda kurikulum 2021 kurikulum 2025","kurikulum_dan_mata_kuliah","Kurikulum","106"
"utt-107","Apa itu ekuivalensi mata kuliah?","ekuivalensi mata kuliah","kurikulum_dan_mata_kuliah","Ekuivalensi Mata Kuliah","107"
"utt-108","Untuk apa dokumen ekuivalensi mata kuliah digunakan?","dokumen ekuivalensi mata kuliah guna","kurikulum_dan_mata_kuliah","Ekuivalensi Mata Kuliah","108"
"utt-109","Apakah semua mata kuliah kurikulum 2021 memiliki padanan di kurikulum 2025?","apakah semua mata kuliah kurikulum 2021 milik padan kurikulum 2025","kurikulum_dan_mata_kuliah","Ekuivalensi Mata Kuliah","109"
"utt-110","Apa saja mata kuliah semester 1 Informatika kurikulum 2025?","saja mata kuliah semester 1 informatika kurikulum 2025","kurikulum_dan_mata_kuliah","Kurikulum Informatika","110"
"utt-111","Apa saja mata kuliah semester 2 Informatika kurikulum 2025?","saja mata kuliah semester 2 informatika kurikulum 2025","kurikulum_dan_mata_kuliah","Kurikulum Informatika","111"
"utt-112","Apa saja mata kuliah semester 3 Informatika kurikulum 2025?","saja mata kuliah semester 3 informatika kurikulum 2025","kurikulum_dan_mata_kuliah","Kurikulum Informatika","112"
"utt-113","Apa saja mata kuliah semester 4 Informatika kurikulum 2025?","saja mata kuliah semester 4 informatika kurikulum 2025","kurikulum_dan_mata_kuliah","Kurikulum Informatika","113"
"utt-114","Apa saja mata kuliah semester 5 Informatika kurikulum 2025?","saja mata kuliah semester 5 informatika kurikulum 2025","kurikulum_dan_mata_kuliah","Kurikulum Informatika","114"
"utt-115","Apa saja mata kuliah semester 6 Informatika kurikulum 2025?","saja mata kuliah semester 6 informatika kurikulum 2025","kurikulum_dan_mata_kuliah","Kurikulum Informatika","115"
"utt-116","Apa saja mata kuliah semester 7 Informatika kurikulum 2025?","saja mata kuliah semester 7 informatika kurikulum 2025","kurikulum_dan_mata_kuliah","Kurikulum Informatika","116"
"utt-117","Apa saja mata kuliah semester 8 Informatika kurikulum 2025?","saja mata kuliah semester 8 informatika kurikulum 2025","kurikulum_dan_mata_kuliah","Kurikulum Informatika","117"
"utt-118","Apa saja mata kuliah yang termasuk bidang AI dan Data pada kurikulum 2025 Informatika?","saja mata kuliah masuk bidang data kurikulum 2025 informatika","kurikulum_dan_mata_kuliah","Kurikulum Informatika","118"
"utt-119","Apa saja mata kuliah yang berkaitan dengan pemrograman pada kurikulum 2025 Informatika?","saja mata kuliah kait program kurikulum 2025 informatika","kurikulum_dan_mata_kuliah","Kurikulum Informatika","119"
"utt-120","Apa saja mata kuliah yang berkaitan dengan jaringan dan keamanan pada kurikulum 2025 Informatika?","saja mata kuliah kait jaring aman kurikulum 2025 informatika","kurikulum_dan_mata_kuliah","Kurikulum Informatika","120"
"utt-121","Apa ekuivalensi Algoritma dan Pemrograman pada kurikulum 2025?","ekuivalensi algoritma program kurikulum 2025","kurikulum_dan_mata_kuliah","Ekuivalensi Mata Kuliah","121"
"utt-122","Apa ekuivalensi Sistem Basis Data pada kurikulum 2025?","ekuivalensi sistem basis data kurikulum 2025","kurikulum_dan_mata_kuliah","Ekuivalensi Mata Kuliah","122"
"utt-123","Apa ekuivalensi Dasar Keamanan Komputer pada kurikulum 2025?","ekuivalensi dasar aman komputer kurikulum 2025","kurikulum_dan_mata_kuliah","Ekuivalensi Mata Kuliah","123"
"utt-124","Apa ekuivalensi Bahasa Inggris pada kurikulum 2025?","ekuivalensi bahasa inggris kurikulum 2025","kurikulum_dan_mata_kuliah","Ekuivalensi Mata Kuliah","124"
"utt-125","Apa ekuivalensi Struktur Data dan Algoritma Lanjut pada kurikulum 2025?","ekuivalensi struktur data algoritma lanjut kurikulum 2025","kurikulum_dan_mata_kuliah","Ekuivalensi Mata Kuliah","125"
"utt-126","Apa ekuivalensi CCNA dan mata kuliah jaringan pada kurikulum 2025?","ekuivalensi ccna mata kuliah jaring kurikulum 2025","kurikulum_dan_mata_kuliah","Ekuivalensi Mata Kuliah","126"
"utt-127","Apa ekuivalensi Pemrograman PL/SQL pada kurikulum 2025?","ekuivalensi program sql kurikulum 2025","kurikulum_dan_mata_kuliah","Ekuivalensi Mata Kuliah","127"
"utt-128","Apa ekuivalensi Pengantar Kecerdasan Buatan pada kurikulum 2025?","ekuivalensi antar cerdas buat kurikulum 2025","kurikulum_dan_mata_kuliah","Ekuivalensi Mata Kuliah","128"
"utt-129","Apa ekuivalensi Analisa Berorientasi Objek pada kurikulum 2025?","ekuivalensi analisa orientasi objek kurikulum 2025","kurikulum_dan_mata_kuliah","Ekuivalensi Mata Kuliah","129"
"utt-130","Apa ekuivalensi Komunikasi dan Etika Profesi pada kurikulum 2025?","ekuivalensi komunikasi etika profesi kurikulum 2025","kurikulum_dan_mata_kuliah","Ekuivalensi Mata Kuliah","130"
"utt-131","Apa ekuivalensi Pengantar Data Mining pada kurikulum 2025?","ekuivalensi antar data mining kurikulum 2025","kurikulum_dan_mata_kuliah","Ekuivalensi Mata Kuliah","131"
"utt-132","Apa ekuivalensi Pemrograman Smart Web pada kurikulum 2025?","ekuivalensi program smart web kurikulum 2025","kurikulum_dan_mata_kuliah","Ekuivalensi Mata Kuliah","132"
"utt-133","Apa ekuivalensi Kerja Praktek pada kurikulum 2025?","ekuivalensi kerja praktek kurikulum 2025","kurikulum_dan_mata_kuliah","Ekuivalensi Mata Kuliah","133"
"utt-134","Apa ekuivalensi Metodologi Penelitian Teknologi Informasi pada kurikulum 2025?","ekuivalensi metodologi teliti teknologi informasi kurikulum 2025","kurikulum_dan_mata_kuliah","Ekuivalensi Mata Kuliah","134"
"utt-135","Apa ekuivalensi Tugas Akhir pada kurikulum 2025?","ekuivalensi tugas akhir kurikulum 2025","kurikulum_dan_mata_kuliah","Ekuivalensi Mata Kuliah","135"
"utt-136","Apa saja contoh mata kuliah Sistem Informasi kurikulum 2025?","saja contoh mata kuliah sistem informasi kurikulum 2025","kurikulum_dan_mata_kuliah","Kurikulum Sistem Informasi","136"
"utt-137","Bagaimana cara membaca dokumen kurikulum dan ekuivalensi mata kuliah?","baca dokumen kurikulum ekuivalensi mata kuliah","kurikulum_dan_mata_kuliah","Kurikulum","137"
"utt-138","Apa saja jenis surat keterangan yang bisa diajukan mahasiswa?","saja jenis surat terang bisa aju mahasiswa","surat_dan_legalisir","Surat Keterangan","138"
"utt-139","Apa itu Surat Keterangan Mahasiswa Aktif?","surat terang mahasiswa aktif","surat_dan_legalisir","Surat Keterangan","139"
"utt-140","Bagaimana cara mengajukan Surat Keterangan Mahasiswa Aktif?","aju surat terang mahasiswa aktif","surat_dan_legalisir","Surat Keterangan","140"
"utt-141","Apa itu Surat Keterangan Lulus?","surat terang lulus","surat_dan_legalisir","Surat Keterangan","141"
"utt-142","Bagaimana cara mengajukan Surat Keterangan Lulus?","aju surat terang lulus","surat_dan_legalisir","Surat Keterangan","142"
"utt-143","Apa itu Surat Keterangan Mengundurkan Diri, Mutasi, Putus Studi, atau Drop Out?","surat terang undur diri mutasi putus studi drop out","surat_dan_legalisir","Surat Keterangan","143"
"utt-144","Bagaimana cara mengajukan Surat Keterangan Mengundurkan Diri, Mutasi, Putus Studi, atau Drop Out?","aju surat terang undur diri mutasi putus studi drop out","surat_dan_legalisir","Surat Keterangan","144"
"utt-145","Form surat keterangan mana yang digunakan mahasiswa Kampus Meruya?","form surat terang mana guna mahasiswa kampus meruya","surat_dan_legalisir","Surat Keterangan","145"
"utt-146","Form surat keterangan mana yang digunakan mahasiswa Kampus Menteng?","form surat terang mana guna mahasiswa kampus menteng","surat_dan_legalisir","Surat Keterangan","146"
"utt-147","Form surat keterangan mana yang digunakan mahasiswa Kampus Warung Buncit?","form surat terang mana guna mahasiswa kampus warung buncit","surat_dan_legalisir","Surat Keterangan","147"
"utt-148","Siapa admin yang bisa dihubungi untuk layanan BAP Meruya?","siapa admin bisa hubung layan bap meruya","surat_dan_legalisir","Surat Keterangan","148"
"utt-149","Siapa admin yang bisa dihubungi untuk layanan BAP Menteng?","siapa admin bisa hubung layan bap menteng","surat_dan_legalisir","Surat Keterangan","149"
"utt-150","Siapa admin yang bisa dihubungi untuk layanan BAP Warung Buncit?","siapa admin bisa hubung layan bap warung buncit","surat_dan_legalisir","Surat Keterangan","150"
"utt-151","Apa yang harus disiapkan sebelum mengisi form surat keterangan?","harus siap belum isi form surat terang","surat_dan_legalisir","Surat Keterangan","151"
"utt-152","Apakah form surat keterangan harus sesuai kampus?","apakah form surat terang harus sesuai kampus","surat_dan_legalisir","Surat Keterangan","152"
"utt-153","Apa yang harus dilakukan jika salah mengisi form surat keterangan?","harus laku jika salah isi form surat terang","surat_dan_legalisir","Surat Keterangan","153"
"utt-154","Apakah Surat Keterangan Lulus sama dengan ijazah?","apakah surat terang lulus sama ijazah","surat_dan_legalisir","Surat Keterangan","154"
"utt-155","Bagaimana alur umum pengajuan surat keterangan mahasiswa?","alur umum aju surat terang mahasiswa","surat_dan_legalisir","Surat Keterangan","155"
"utt-156","Apa saja layanan akademik dan pelaporan yang tersedia?","saja layan akademik lapor tersedia","layanan_akademik_dan_kontak","Layanan Akademik dan Pelaporan","156"
"utt-157","Apa itu Form Legalisir Online Fasilkom?","form legalisir online fasilkom","surat_dan_legalisir","Legalisir","157"
"utt-158","Bagaimana cara mengajukan legalisir Fasilkom?","aju legalisir fasilkom","surat_dan_legalisir","Legalisir","158"
"utt-159","Kapan mahasiswa membutuhkan legalisir dokumen?","mahasiswa butuh legalisir dokumen","surat_dan_legalisir","Legalisir","159"
"utt-160","Apa itu layanan cek Turnitin Fasilkom?","layan cek turnitin fasilkom","surat_dan_legalisir","Turnitin","160"
"utt-161","Bagaimana cara mengajukan cek Turnitin Fasilkom?","aju cek turnitin fasilkom","surat_dan_legalisir","Turnitin","161"
"utt-162","Untuk dokumen apa saja layanan cek Turnitin digunakan?","dokumen saja layan cek turnitin guna","surat_dan_legalisir","Turnitin","162"
"utt-163","Apa itu Form Permintaan Buka Blok KRS Teknik Informatika?","form minta buka blok krs teknik informatika","status_dan_perpindahan_mahasiswa","Buka Blok KRS","163"
"utt-164","Bagaimana cara mengajukan buka blok KRS Teknik Informatika?","aju buka blok krs teknik informatika","status_dan_perpindahan_mahasiswa","Buka Blok KRS","164"
"utt-165","Kapan mahasiswa perlu mengisi Form Buka Blok KRS?","mahasiswa perlu isi form buka blok krs","status_dan_perpindahan_mahasiswa","Buka Blok KRS","165"
"utt-166","Apa itu pelaporan ketidaksesuaian pembelajaran dosen?","lapor ketidaksesuaian ajar dosen","layanan_akademik_dan_kontak","Pelaporan Akademik","166"
"utt-167","Kapan mahasiswa dapat mengisi form pelaporan ketidaksesuaian pembelajaran?","mahasiswa dapat isi form lapor ketidaksesuaian ajar","layanan_akademik_dan_kontak","Pelaporan Akademik","167"
"utt-168","Apa saja yang perlu disiapkan sebelum membuat laporan pembelajaran dosen?","saja perlu siap belum buat lapor ajar dosen","layanan_akademik_dan_kontak","Pelaporan Akademik","168"
"utt-169","Bagaimana cara menyampaikan laporan akademik yang baik?","menyampaikan lapor akademik baik","layanan_akademik_dan_kontak","Pelaporan Akademik","169"
"utt-170","Apa itu BAK?","bak","layanan_akademik_dan_kontak","BAK","170"
"utt-171","Kapan jam layanan BAK Universitas Mercu Buana?","jam layan bak universitas mercu buana","layanan_akademik_dan_kontak","BAK","171"
"utt-172","Siapa kontak BAK untuk Kampus Meruya?","siapa kontak bak kampus meruya","layanan_akademik_dan_kontak","BAK","172"
"utt-173","Siapa kontak BAK untuk Kampus Menteng dan Warung Buncit?","siapa kontak bak kampus menteng warung buncit","layanan_akademik_dan_kontak","BAK","173"
"utt-174","Bagaimana memilih layanan yang tepat sesuai kebutuhan mahasiswa?","pilih layan tepat sesuai butuh mahasiswa","layanan_akademik_dan_kontak","Layanan Akademik dan Pelaporan","174"
"utt-175","Bagaimana cara membayar biaya kuliah Universitas Mercu Buana?","bayar biaya kuliah universitas mercu buana","pembayaran_dan_biaya","Pembayaran dan Biaya Kuliah","175"
"utt-176","Apakah pembayaran kuliah UMB boleh melalui transfer biasa?","apakah bayar kuliah umb boleh lalu transfer biasa","pembayaran_dan_biaya","Pembayaran dan Biaya Kuliah","176"
"utt-177","Bagaimana cara membayar kuliah melalui Mobile Banking BNI?","bayar kuliah lalu mobile banking bni","pembayaran_dan_biaya","Pembayaran dan Biaya Kuliah","177"
"utt-178","Bagaimana cara membayar kuliah melalui Teller BNI?","bayar kuliah lalu teller bni","pembayaran_dan_biaya","Pembayaran dan Biaya Kuliah","178"
"utt-179","Bagaimana cara membayar kuliah melalui ATM BNI?","bayar kuliah lalu atm bni","pembayaran_dan_biaya","Pembayaran dan Biaya Kuliah","179"
"utt-180","Apa itu kode prefix atau billing pembayaran UMB?","kode prefix billing bayar umb","pembayaran_dan_biaya","Pembayaran dan Biaya Kuliah","180"
"utt-181","Apa kode prefix pembayaran untuk kelas Reguler 1?","kode prefix bayar kelas reguler 1","pembayaran_dan_biaya","Pembayaran dan Biaya Kuliah","181"
"utt-182","Apa kode prefix pembayaran untuk kelas Reguler 2 atau kelas karyawan?","kode prefix bayar kelas reguler 2 kelas karyawan","pembayaran_dan_biaya","Pembayaran dan Biaya Kuliah","182"
"utt-183","Apa yang harus dilakukan jika nominal tagihan pembayaran tidak sesuai?","harus laku jika nominal tagih bayar tidak sesuai","pembayaran_dan_biaya","Pembayaran dan Biaya Kuliah","183"
"utt-184","Apa saja jenis perubahan status mahasiswa yang tersedia?","saja jenis ubah status mahasiswa tersedia","status_dan_perpindahan_mahasiswa","Perubahan Status Mahasiswa","184"
"utt-185","Bagaimana cara mengajukan cuti kuliah?","aju cuti kuliah","status_dan_perpindahan_mahasiswa","Pengajuan Cuti","185"
"utt-186","Di mana mahasiswa mengajukan cuti kuliah?","mana mahasiswa aju cuti kuliah","status_dan_perpindahan_mahasiswa","Pengajuan Cuti","186"
"utt-187","Menu apa yang dipilih untuk mengajukan cuti di SIA?","menu pilih aju cuti sia","status_dan_perpindahan_mahasiswa","Pengajuan Cuti","187"
"utt-188","Siapa saja yang menyetujui pengajuan cuti mahasiswa?","siapa saja tuju aju cuti mahasiswa","status_dan_perpindahan_mahasiswa","Pengajuan Cuti","188"
"utt-189","Bagaimana cara mengecek status cuti sudah berhasil?","cek status cuti sudah hasil","status_dan_perpindahan_mahasiswa","Pengajuan Cuti","189"
"utt-190","Apa yang terjadi setelah pengajuan cuti disetujui?","jadi telah aju cuti tuju","status_dan_perpindahan_mahasiswa","Pengajuan Cuti","190"
"utt-191","Bagaimana prosedur aktif kembali dari cuti?","prosedur aktif kembali cuti","status_dan_perpindahan_mahasiswa","Aktif Kembali dari Cuti","191"
"utt-192","Apa langkah pertama untuk aktif kembali setelah cuti?","langkah pertama aktif kembali telah cuti","status_dan_perpindahan_mahasiswa","Aktif Kembali dari Cuti","192"
"utt-193","Apakah mahasiswa yang aktif kembali dari cuti harus mengisi KRS?","apakah mahasiswa aktif kembali cuti harus isi krs","status_dan_perpindahan_mahasiswa","Aktif Kembali dari Cuti","193"
"utt-194","Bagaimana prosedur pindah program studi?","prosedur pindah program studi","status_dan_perpindahan_mahasiswa","Pindah Program Studi","194"
"utt-195","Di mana mahasiswa mengunduh formulir Pindah Program Studi?","mana mahasiswa unduh formulir pindah program studi","status_dan_perpindahan_mahasiswa","Pindah Program Studi","195"
"utt-196","Dokumen apa yang diperlukan untuk pindah program studi?","dokumen perlu pindah program studi","status_dan_perpindahan_mahasiswa","Pindah Program Studi","196"
"utt-197","Siapa yang harus menyetujui pengajuan pindah program studi?","siapa harus tuju aju pindah program studi","status_dan_perpindahan_mahasiswa","Pindah Program Studi","197"
"utt-198","Apa tugas Kaprodi atau Sekprodi tujuan dalam proses pindah program studi?","tugas kaprodi sekprodi tuju dalam proses pindah program studi","status_dan_perpindahan_mahasiswa","Pindah Program Studi","198"
"utt-199","Link upload berkas Pindah Program Studi untuk tiap kampus apa saja?","link upload berkas pindah program studi tiap kampus saja","status_dan_perpindahan_mahasiswa","Pindah Program Studi","199"
"utt-200","Apakah pindah program studi menyebabkan perubahan NIM?","apakah pindah program studi sebab ubah nim","status_dan_perpindahan_mahasiswa","Pindah Program Studi","200"
"utt-201","Bagaimana mahasiswa mendapatkan NIM dan password setelah pindah program studi?","mahasiswa dapat nim password telah pindah program studi","status_dan_perpindahan_mahasiswa","Pindah Program Studi","201"
"utt-202","Siapa yang melakukan entry KRS setelah mahasiswa pindah program studi?","siapa laku entry krs telah mahasiswa pindah program studi","status_dan_perpindahan_mahasiswa","Pindah Program Studi","202"
"utt-203","Bagaimana prosedur pindah lokasi kampus?","prosedur pindah lokasi kampus","status_dan_perpindahan_mahasiswa","Pindah Lokasi Kampus","203"
"utt-204","Link formulir Pindah Lokasi Kampus untuk tiap kampus apa saja?","link formulir pindah lokasi kampus tiap kampus saja","status_dan_perpindahan_mahasiswa","Pindah Lokasi Kampus","204"
"utt-205","Siapa yang mengubah status lokasi kuliah mahasiswa?","siapa ubah status lokasi kuliah mahasiswa","status_dan_perpindahan_mahasiswa","Pindah Lokasi Kampus","205"
"utt-206","Bagaimana mahasiswa mengetahui pindah lokasi kampus sudah diproses?","mahasiswa tahu pindah lokasi kampus sudah proses","status_dan_perpindahan_mahasiswa","Pindah Lokasi Kampus","206"
"utt-207","Apa itu pindah program perkuliahan?","pindah program kuliah","status_dan_perpindahan_mahasiswa","Pindah Program Perkuliahan","207"
"utt-208","Bagaimana prosedur pindah program perkuliahan?","prosedur pindah program kuliah","status_dan_perpindahan_mahasiswa","Pindah Program Perkuliahan","208"
"utt-209","Di mana mengunduh formulir Pindah Program Perkuliahan?","mana unduh formulir pindah program kuliah","status_dan_perpindahan_mahasiswa","Pindah Program Perkuliahan","209"
"utt-210","Apakah pindah dari Reguler 1 ke Reguler 2 perlu Surat Keterangan Kerja?","apakah pindah reguler 1 reguler 2 perlu surat terang kerja","status_dan_perpindahan_mahasiswa","Pindah Program Perkuliahan","210"
"utt-211","Siapa yang menyetujui pindah program perkuliahan?","siapa tuju pindah program kuliah","status_dan_perpindahan_mahasiswa","Pindah Program Perkuliahan","211"
"utt-212","Ke mana mahasiswa mengunggah formulir pindah program perkuliahan?","mana mahasiswa unggah formulir pindah program kuliah","status_dan_perpindahan_mahasiswa","Pindah Program Perkuliahan","212"
"utt-213","Bagaimana cara memastikan perubahan status mahasiswa sudah berhasil?","pasti ubah status mahasiswa sudah hasil","status_dan_perpindahan_mahasiswa","Perubahan Status Mahasiswa","213"
"utt-214","Apa itu FAST Learning Universitas Mercu Buana?","fast learning universitas mercu buana","elearning_dan_absensi","E-Learning dan Absensi","214"
"utt-215","Bagaimana cara login ke FAST Learning untuk mahasiswa?","login fast learning mahasiswa","elearning_dan_absensi","E-Learning dan Absensi","215"
"utt-216","Apa username dan password awal FAST Learning mahasiswa?","username password awal fast learning mahasiswa","elearning_dan_absensi","E-Learning dan Absensi","216"
"utt-217","Apa saja menu utama yang ada di FAST Learning?","saja menu utama ada fast learning","elearning_dan_absensi","E-Learning dan Absensi","217"
"utt-218","Apa itu Weekly Outline pada FAST Learning?","weekly outline fast learning","elearning_dan_absensi","E-Learning dan Absensi","218"
"utt-219","Apa saja jenis perkuliahan pada sistem FAST Learning?","saja jenis kuliah sistem fast learning","elearning_dan_absensi","E-Learning dan Absensi","219"
"utt-220","Apa itu Tatap Muka Virtual?","tatap muka virtual","elearning_dan_absensi","E-Learning dan Absensi","220"
"utt-221","Bagaimana cara mengikuti Tatap Muka Virtual di FAST Learning?","ikut tatap muka virtual fast learning","elearning_dan_absensi","E-Learning dan Absensi","221"
"utt-222","Apa itu Tatap Muka Kelas?","tatap muka kelas","elearning_dan_absensi","E-Learning dan Absensi","222"
"utt-223","Apa itu Perkuliahan Daring?","kuliah daring","elearning_dan_absensi","E-Learning dan Absensi","223"
"utt-224","Bagaimana aturan kehadiran mahasiswa pada Tatap Muka Kelas?","atur hadir mahasiswa tatap muka kelas","elearning_dan_absensi","E-Learning dan Absensi","224"
"utt-225","Bagaimana aturan kehadiran mahasiswa pada Tatap Muka Virtual?","atur hadir mahasiswa tatap muka virtual","elearning_dan_absensi","E-Learning dan Absensi","225"
"utt-226","Bagaimana aturan kehadiran mahasiswa pada Perkuliahan Daring?","atur hadir mahasiswa kuliah daring","elearning_dan_absensi","E-Learning dan Absensi","226"
"utt-227","Berapa lama rentang waktu aktivitas mingguan di FAST Learning?","berapa lama rentang waktu aktivitas minggu fast learning","elearning_dan_absensi","E-Learning dan Absensi","227"
"utt-228","Apa kewajiban mahasiswa pada forum diskusi FAST Learning?","wajib mahasiswa forum diskusi fast learning","elearning_dan_absensi","E-Learning dan Absensi","228"
"utt-229","Bagaimana cara menanggapi forum di FAST Learning?","anggap forum fast learning","elearning_dan_absensi","E-Learning dan Absensi","229"
"utt-230","Apa itu kuis di FAST Learning?","kuis fast learning","elearning_dan_absensi","E-Learning dan Absensi","230"
"utt-231","Bagaimana cara mengerjakan kuis di FAST Learning?","mengerjakan kuis fast learning","elearning_dan_absensi","E-Learning dan Absensi","231"
"utt-232","Apa perbedaan kuis otomatis dan kuis essay di FAST Learning?","beda kuis otomatis kuis essay fast learning","elearning_dan_absensi","E-Learning dan Absensi","232"
"utt-233","Bagaimana cara mengumpulkan tugas di FAST Learning?","kumpul tugas fast learning","elearning_dan_absensi","E-Learning dan Absensi","233"
"utt-234","Bagaimana cara melihat nilai aktivitas di FAST Learning?","lihat nilai aktivitas fast learning","elearning_dan_absensi","E-Learning dan Absensi","234"
"utt-235","Apa yang harus dilakukan jika lupa password atau sulit login SSO?","harus laku jika lupa password sulit login sso","elearning_dan_absensi","E-Learning dan Absensi","235"
"utt-236","Siapa yang dapat dihubungi jika ada kendala FAST Learning?","siapa dapat hubung jika ada kendala fast learning","elearning_dan_absensi","E-Learning dan Absensi","236"
"utt-237","Apa itu surat edaran rektor?","surat edar rektor","kebijakan_kampus","Surat Edaran dan Kebijakan Kampus","237"
"utt-238","Siapa saja yang menjadi penerima surat edaran rektor?","siapa saja jadi terima surat edar rektor","kebijakan_kampus","Surat Edaran dan Kebijakan Kampus","238"
"utt-239","Apa kebijakan Work From Home atau WFH pada hari Jumat?","bijak work from home wfh hari jumat","kebijakan_kampus","Surat Edaran dan Kebijakan Kampus","239"
"utt-240","Mengapa Universitas Mercu Buana menerapkan WFH hari Jumat?","mengapa universitas mercu buana terap wfh hari jumat","kebijakan_kampus","Surat Edaran dan Kebijakan Kampus","240"
"utt-241","Bagaimana pelaksanaan perkuliahan Reguler 1 pada hari Jumat?","laksana kuliah reguler 1 hari jumat","kebijakan_kampus","Surat Edaran dan Kebijakan Kampus","241"
"utt-242","Aplikasi apa yang digunakan untuk perkuliahan Reguler 1 hari Jumat?","aplikasi guna kuliah reguler 1 hari jumat","kebijakan_kampus","Surat Edaran dan Kebijakan Kampus","242"
"utt-243","Bagaimana pola pertemuan ganjil dan genap pada perkuliahan Reguler 1 hari Jumat?","pola temu ganjil genap kuliah reguler 1 hari jumat","kebijakan_kampus","Surat Edaran dan Kebijakan Kampus","243"
"utt-244","Bagaimana aturan kehadiran dosen pada perkuliahan Reguler 1 hari Jumat?","atur hadir dosen kuliah reguler 1 hari jumat","kebijakan_kampus","Surat Edaran dan Kebijakan Kampus","244"
"utt-245","Bagaimana aturan kehadiran mahasiswa pada perkuliahan Reguler 1 hari Jumat?","atur hadir mahasiswa kuliah reguler 1 hari jumat","kebijakan_kampus","Surat Edaran dan Kebijakan Kampus","245"
"utt-246","Bagaimana pelaksanaan perkuliahan Reguler 2 hari Sabtu untuk kode kelas 1F dan 2F?","laksana kuliah reguler 2 hari sabtu kode kelas","kebijakan_kampus","Surat Edaran dan Kebijakan Kampus","246"
"utt-247","Aplikasi apa yang digunakan untuk perkuliahan Reguler 2 hari Sabtu kode kelas 1F dan 2F?","aplikasi guna kuliah reguler 2 hari sabtu kode kelas","kebijakan_kampus","Surat Edaran dan Kebijakan Kampus","247"
"utt-248","Bagaimana ketentuan aktivitas pada FAST Learning untuk kelas Reguler 2 hari Sabtu?","tentu aktivitas fast learning kelas reguler 2 hari sabtu","kebijakan_kampus","Surat Edaran dan Kebijakan Kampus","248"
"utt-249","Bagaimana aturan kehadiran mahasiswa pada FAST Learning?","atur hadir mahasiswa fast learning","kebijakan_kampus","Surat Edaran dan Kebijakan Kampus","249"
"utt-250","Bagaimana pelaksanaan perkuliahan Reguler 2 hari Sabtu untuk kelas selain 1F dan 2F?","laksana kuliah reguler 2 hari sabtu kelas selain","kebijakan_kampus","Surat Edaran dan Kebijakan Kampus","250"
"utt-251","Apakah masih ada perkuliahan offline pada hari Sabtu?","apakah masih ada kuliah offline hari sabtu","kebijakan_kampus","Surat Edaran dan Kebijakan Kampus","251"
"utt-252","Bagaimana aturan kegiatan akademik pada hari Sabtu selama kebijakan WFH?","atur giat akademik hari sabtu lama bijak wfh","kebijakan_kampus","Surat Edaran dan Kebijakan Kampus","252"
"utt-253","Apakah praktikum tetap boleh tatap muka selama kebijakan WFH?","apakah praktikum tetap boleh tatap muka lama bijak wfh","kebijakan_kampus","Surat Edaran dan Kebijakan Kampus","253"
"utt-254","Apa isi surat edaran tentang keluarga UMB yang terdampak bencana alam Sumatera?","isi surat edar tentang keluarga umb dampak bencana alam sumatera","kebijakan_kampus","Surat Edaran dan Kebijakan Kampus","254"
"utt-255","Kapan perkuliahan semester genap 2025/2026 dimulai?","kuliah semester genap 2025 2026 mulai","kalender_dan_pengumuman","Kalender Akademik","255"
"utt-256","Apa saja jenis pertemuan pada Kalender FAST Learning?","saja jenis temu kalender fast learning","kalender_dan_pengumuman","Kalender Akademik","256"
"utt-257","Apa itu TMV pada Kalender FAST Learning?","tmv kalender fast learning","kalender_dan_pengumuman","Kalender Akademik","257"
"utt-258","Apa itu TMK pada Kalender FAST Learning?","tmk kalender fast learning","kalender_dan_pengumuman","Kalender Akademik","258"
"utt-259","Apa itu perkuliahan Daring pada Kalender FAST Learning?","kuliah daring kalender fast learning","kalender_dan_pengumuman","Kalender Akademik","259"
"utt-260","Bagaimana pola pertemuan FAST Learning untuk kelas Senin?","pola temu fast learning kelas senin","kalender_dan_pengumuman","Kalender Akademik","260"
"utt-261","Bagaimana pola pertemuan FAST Learning untuk kelas Selasa?","pola temu fast learning kelas selasa","kalender_dan_pengumuman","Kalender Akademik","261"
"utt-262","Bagaimana pola pertemuan FAST Learning untuk kelas Rabu?","pola temu fast learning kelas rabu","kalender_dan_pengumuman","Kalender Akademik","262"
"utt-263","Bagaimana pola pertemuan FAST Learning untuk kelas Kamis?","pola temu fast learning kelas kamis","kalender_dan_pengumuman","Kalender Akademik","263"
"utt-264","Bagaimana pola pertemuan FAST Learning untuk kelas Jumat?","pola temu fast learning kelas jumat","kalender_dan_pengumuman","Kalender Akademik","264"
"utt-265","Bagaimana pola pertemuan FAST Learning untuk kelas Sabtu?","pola temu fast learning kelas sabtu","kalender_dan_pengumuman","Kalender Akademik","265"
"utt-266","Kapan UTS dan UAS pada Kalender FAST Learning?","uts uas kalender fast learning","kalender_dan_pengumuman","Kalender Akademik","266"
"utt-267","Apa saja tanggal penting pada Kalender FAST Learning Genap 2025/2026?","saja tanggal penting kalender fast learning genap 2025 2026","kalender_dan_pengumuman","Kalender Akademik","267"
"utt-268","Kapan libur Hari Raya Natal 2025 di Universitas Mercu Buana?","libur hari raya natal 2025 universitas mercu buana","kalender_dan_pengumuman","Pengumuman Kampus","268"
"utt-269","Kapan libur Tahun Baru Imlek 2577 Kongzili?","libur tahun baru imlek 2577 kongzili","kalender_dan_pengumuman","Pengumuman Kampus","269"
"utt-270","Kapan libur Hari Suci Nyepi 2026?","libur hari suci nyepi 2026","kalender_dan_pengumuman","Pengumuman Kampus","270"
"utt-271","Kapan libur Idul Fitri 1 Syawal 1447 H?","libur idul fitri 1 syawal 1447","kalender_dan_pengumuman","Pengumuman Kampus","271"
"utt-272","Kapan aktivitas kampus kembali normal setelah libur Idul Fitri 2026?","aktivitas kampus kembali normal telah libur idul fitri 2026","kalender_dan_pengumuman","Pengumuman Kampus","272"
"utt-273","Apa aturan keamanan kampus selama masa libur?","atur aman kampus lama masa libur","kalender_dan_pengumuman","Pengumuman Kampus","273"
"utt-274","Kapan pengambilan KTM BNI Reguler 1 Semester Ganjil 2025/2026?","ambil ktm bni reguler 1 semester ganjil 2025 2026","kalender_dan_pengumuman","Pengumuman Kampus","274"
"utt-275","Di mana lokasi pengambilan KTM BNI Reguler 1?","mana lokasi ambil ktm bni reguler 1","kalender_dan_pengumuman","Pengumuman Kampus","275"
"utt-276","Apa syarat pengambilan KTM BNI?","syarat ambil ktm bni","kalender_dan_pengumuman","Pengumuman Kampus","276"
"utt-277","Bagaimana jika nama mahasiswa belum tercantum pada daftar pengambilan KTM?","jika nama mahasiswa belum cantum daftar ambil ktm","kalender_dan_pengumuman","Pengumuman Kampus","277"
"utt-278","Apa kontak FAST Learning yang bisa dihubungi mahasiswa?","kontak fast learning bisa hubung mahasiswa","layanan_akademik_dan_kontak","Kontak Penting","278"
"utt-279","Apa saja website penting untuk mahasiswa Universitas Mercu Buana?","saja website penting mahasiswa universitas mercu buana","layanan_akademik_dan_kontak","Kontak Penting","279"
"utt-280","Kapan jam pelayanan FAST Learning dan layanan terkait?","jam layan fast learning layan kait","layanan_akademik_dan_kontak","Kontak Penting","280"
"utt-281","Apa saja layanan e-resource Perpustakaan UMB?","saja layan resource pustaka umb","perpustakaan_dan_jurnal","Perpustakaan dan Jurnal","281"
"utt-282","Apakah username dan password e-resource boleh disebarkan?","apakah username password resource boleh sebar","perpustakaan_dan_jurnal","Perpustakaan dan Jurnal","282"
"utt-283","Siapa yang bisa dihubungi untuk akses e-resource Perpustakaan UMB?","siapa bisa hubung akses resource pustaka umb","perpustakaan_dan_jurnal","Perpustakaan dan Jurnal","283"
"utt-284","Apa itu IEEE Xplore?","ieee xplore","perpustakaan_dan_jurnal","Perpustakaan dan Jurnal","284"
"utt-285","Bagaimana cara mencari artikel di IEEE Xplore?","cari artikel ieee xplore","perpustakaan_dan_jurnal","Perpustakaan dan Jurnal","285"
"utt-286","Apa saja fitur penting di IEEE Xplore?","saja fitur penting ieee xplore","perpustakaan_dan_jurnal","Perpustakaan dan Jurnal","286"
"utt-287","Apa itu Gale?","gale","perpustakaan_dan_jurnal","Perpustakaan dan Jurnal","287"
"utt-288","Apa saja fitur pencarian di Gale?","saja fitur cari gale","perpustakaan_dan_jurnal","Perpustakaan dan Jurnal","288"
"utt-289","Bagaimana cara menyimpan atau mengolah artikel di Gale?","simpan olah artikel gale","perpustakaan_dan_jurnal","Perpustakaan dan Jurnal","289"
"utt-290","Apa itu Emerald?","emerald","perpustakaan_dan_jurnal","Perpustakaan dan Jurnal","290"
"utt-291","Bagaimana aturan akses Emerald dari luar kampus?","atur akses emerald luar kampus","perpustakaan_dan_jurnal","Perpustakaan dan Jurnal","291"
"utt-292","Bagaimana cara mencari dan mengunduh artikel di Emerald?","cari unduh artikel emerald","perpustakaan_dan_jurnal","Perpustakaan dan Jurnal","292"
"utt-293","Apa itu ProQuest?","proquest","perpustakaan_dan_jurnal","Perpustakaan dan Jurnal","293"
"utt-294","Bagaimana cara mengakses ProQuest dari luar institusi?","akses proquest luar institusi","perpustakaan_dan_jurnal","Perpustakaan dan Jurnal","294"
"utt-295","Apa saja fitur utama ProQuest?","saja fitur utama proquest","perpustakaan_dan_jurnal","Perpustakaan dan Jurnal","295"
"utt-296","Bagaimana cara mencari artikel di ProQuest?","cari artikel proquest","perpustakaan_dan_jurnal","Perpustakaan dan Jurnal","296"
"utt-297","Apa itu Ebook Central?","ebook central","perpustakaan_dan_jurnal","Perpustakaan dan Jurnal","297"
"utt-298","Bagaimana cara menggunakan Ebook Central?","guna ebook central","perpustakaan_dan_jurnal","Perpustakaan dan Jurnal","298"
"utt-299","Apa perbedaan jurnal, ebook, dan database e-resource?","beda jurnal ebook database resource","perpustakaan_dan_jurnal","Perpustakaan dan Jurnal","299"
"utt-300","Bagaimana cara memilih database jurnal yang sesuai kebutuhan?","pilih database jurnal sesuai butuh","perpustakaan_dan_jurnal","Perpustakaan dan Jurnal","300"
